{"cameraMode":{"drawMode":0,"name":"Shaded","section":"Shading Mode"},"sceneLighting":true,"audioPlay":false,"sceneViewState":{"m_AlwaysRefresh":false,"showFog":true,"showSkybox":true,"showFlares":true,"showImageEffects":true,"showParticleSystems":true,"showVisualEffectGraphs":true,"m_FxEnabled":true},"in2DMode":false,"pivot":{"x":-130.44241333007813,"y":1.662099838256836,"z":-60.42949676513672},"rotation":{"x":-0.0005468150484375656,"y":-0.4173247814178467,"z":-0.0002512014179956168,"w":0.908757209777832},"size":24.367713928222658,"orthographic":false}